{
  "main": {
    "id": "de20ef0b55ad0fa1",
    "type": "split",
    "children": [
      {
        "id": "efc934831164229e",
        "type": "tabs",
        "children": [
          {
            "id": "5c4c2fdd495892ab",
            "type": "leaf",
            "state": {
              "type": "empty",
              "state": {}
            }
          }
        ]
      }
    ],
    "direction": "vertical"
  },
  "left": {
    "id": "46f07497dfbdf5e9",
    "type": "split",
    "children": [
      {
        "id": "cc60308e91baf50e",
        "type": "tabs",
        "children": [
          {
            "id": "46afb2967b503cb7",
            "type": "leaf",
            "state": {
              "type": "file-explorer",
              "state": {
                "sortOrder": "alphabetical"
              }
            }
          },
          {
            "id": "870c8ec3e1ca6221",
            "type": "leaf",
            "state": {
              "type": "bookmarks",
              "state": {}
            }
          },
          {
            "id": "e3b25752eb879541",
            "type": "leaf",
            "state": {
              "type": "search",
              "state": {
                "query": "[\"바꿈\"]",
                "matchingCase": false,
                "explainSearch": false,
                "collapseAll": false,
                "extraContext": false,
                "sortOrder": "alphabetical"
              }
            }
          }
        ]
      }
    ],
    "direction": "horizontal",
    "width": 200
  },
  "right": {
    "id": "c86f78de6220c05e",
    "type": "split",
    "children": [
      {
        "id": "9831ba095fc5cf8e",
        "type": "tabs",
        "children": [
          {
            "id": "f7d8956a66e53c0b",
            "type": "leaf",
            "state": {
              "type": "backlink",
              "state": {
                "collapseAll": false,
                "extraContext": false,
                "sortOrder": "alphabetical",
                "showSearch": false,
                "searchQuery": "",
                "backlinkCollapsed": false,
                "unlinkedCollapsed": false
              }
            }
          },
          {
            "id": "42b2ea2680275141",
            "type": "leaf",
            "state": {
              "type": "outgoing-link",
              "state": {
                "linksCollapsed": false,
                "unlinkedCollapsed": true
              }
            }
          },
          {
            "id": "0022421731302363",
            "type": "leaf",
            "state": {
              "type": "tag",
              "state": {
                "sortOrder": "frequency",
                "useHierarchy": true
              }
            }
          },
          {
            "id": "c459d9d61e6633fd",
            "type": "leaf",
            "state": {
              "type": "outline",
              "state": {}
            }
          },
          {
            "id": "ff9ed7d966c76e53",
            "type": "leaf",
            "state": {
              "type": "all-properties",
              "state": {
                "sortOrder": "frequency",
                "showSearch": false,
                "searchQuery": ""
              }
            }
          }
        ],
        "currentTab": 4
      }
    ],
    "direction": "horizontal",
    "width": 353.5
  },
  "left-ribbon": {
    "hiddenItems": {
      "switcher:퀵 스위처 열기": false,
      "graph:그래프 뷰 열기": false,
      "canvas:새 캔버스 만들기": false,
      "daily-notes:오늘의 데일리 노트 열기": false,
      "templates:템플릿 삽입": false,
      "command-palette:명령어 팔레트 열기": false,
      "obsidian-excalidraw-plugin:Create new drawing": false
    }
  },
  "active": "5c4c2fdd495892ab",
  "lastOpenFiles": [
    "00. Inbox/sandbox.md",
    "00. Inbox/속성 알아보기.md",
    "00. Inbox/마크다운 사용법.md",
    "00. Inbox/노트 간의 연결.md",
    "Excalidraw/Drawing 2024-09-01 14.23.47.excalidraw.md",
    "90. Template/데일리 노트 템플릿.md",
    "90. Template",
    "10. Daily Notes/2024-08-30.md",
    "10. Daily Notes",
    "00. Inbox",
    "99. Attachment/박선오 사직서.pdf",
    "99. Attachment/Pasted image 20240830043828.png",
    "99. Attachment/Pasted image 20240830043733.png",
    "99. Attachment/Pasted image 20240830043610.png",
    "99. Attachment",
    "Excalidraw/Drawing 2024-09-01 14.09.19.excalidraw.md",
    "Excalidraw/Scripts/Downloaded/Text to Sticky Notes.svg",
    "Excalidraw/Scripts/Downloaded/Text to Sticky Notes.md",
    "Excalidraw/Scripts/Downloaded/Deconstruct selected elements into new drawing.svg",
    "Excalidraw/Scripts/Downloaded/Deconstruct selected elements into new drawing.md",
    "Excalidraw/Scripts/Downloaded/Rename Image.svg",
    "Excalidraw/Scripts/Downloaded/Rename Image.md",
    "Excalidraw/Scripts/Downloaded",
    "Excalidraw/Scripts",
    "Excalidraw/Drawing 2024-09-01 14.10.13.excalidraw.md",
    "Excalidraw",
    "무제 파일.canvas",
    "00. Inbox/무제 파일 1.md",
    "00. Inbox/무제 파일.md",
    "무제 파일 1.canvas",
    "00. Inbox/Untitled.md",
    "00. Inbox/2024-02-01.md",
    "테스트.md",
    "무제 파일 1.md",
    "무제 파일 2.md",
    "1.md"
  ]
}